run,frame,time,realMs,mainMs,gameDt,gcBytes,enemies
S3,0,0.000,52.69,53.01,0.2635,1177883,51
S3,1,0.032,31.83,31.91,0.1591,560624,77
S3,2,0.053,20.75,20.78,0.1038,147060,93
S3,3,0.071,18.78,18.79,0.0939,97540,103
S3,4,0.088,16.90,16.91,0.0845,75816,113
S3,5,0.104,15.51,15.48,0.0775,51216,121
S3,6,0.119,15.71,15.73,0.0785,95356,129
S3,7,0.138,18.50,18.47,0.0925,61720,137
S3,8,0.154,15.91,15.91,0.0796,63688,146
S3,9,0.171,17.28,17.29,0.0864,50456,153
S3,10,0.191,19.39,19.40,0.0969,59240,161
S3,11,0.209,18.34,18.31,0.0917,62456,171
S3,12,0.226,16.78,16.78,0.0839,51656,180
S3,13,0.242,16.69,16.70,0.0834,53140,189
S3,14,0.261,18.15,18.11,0.0907,60200,197
S3,15,0.277,16.46,16.49,0.0823,153092,206
S3,16,0.293,16.30,16.30,0.0815,75812,214
S3,17,0.310,16.81,16.80,0.0840,58772,222
S3,18,0.328,18.20,18.19,0.0910,166568,231
S3,19,0.346,17.59,17.61,0.0880,52460,240
S3,20,0.363,16.79,16.78,0.0840,56564,249
S3,21,0.380,17.24,17.22,0.0862,123808,257
S3,22,0.397,16.97,16.99,0.0849,80012,266
S3,23,0.414,17.00,17.00,0.0850,76856,274
S3,24,0.432,18.02,18.00,0.0901,77228,283
S3,25,0.449,16.98,17.00,0.0849,57860,292
S3,26,0.466,17.40,17.38,0.0870,52892,300
S3,27,0.485,19.14,19.12,0.0957,63844,309
S3,28,0.504,18.55,18.58,0.0928,72720,319
S3,29,0.523,18.71,18.69,0.0936,99064,328
S3,30,0.542,19.52,19.51,0.0976,73968,337
S3,31,0.561,18.90,18.90,0.0945,66172,347
S3,32,0.580,18.54,18.51,0.0927,69788,356
S3,33,0.599,19.76,19.79,0.0988,69360,366
S3,34,0.619,19.88,19.89,0.0994,73548,376
S3,35,0.638,18.80,18.80,0.0940,99980,385
S3,36,0.658,20.35,20.30,0.1017,77568,395
S3,37,0.679,20.37,20.40,0.1019,96952,405
S3,38,0.699,19.98,19.99,0.0999,64264,415
S3,39,0.721,21.81,21.79,0.1091,78108,425
S3,40,0.742,21.50,21.50,0.1075,78660,436
S3,41,0.764,22.35,22.31,0.1118,185596,447
S3,42,0.788,23.66,23.68,0.1183,113496,458
S3,43,0.811,23.19,23.20,0.1160,349404,470
S3,44,0.834,22.39,22.39,0.1120,112652,481
S3,45,0.857,23.40,23.40,0.1170,98428,493
S3,46,0.879,22.18,22.18,0.1109,159160,504
S3,47,0.903,23.92,23.91,0.1196,193956,515
S3,48,0.928,24.92,24.91,0.1246,132236,527
S3,49,0.953,24.82,24.80,0.1241,93816,540
S3,50,0.978,24.70,24.70,0.1235,92472,552
S3,51,1.002,24.70,24.67,0.1235,183640,565
S3,52,1.028,25.27,25.30,0.1264,106712,577
S3,53,1.055,26.99,26.99,0.1350,104588,590
S3,54,1.086,31.02,31.00,0.1551,110636,603
S3,55,1.118,32.18,32.19,0.1609,200468,619
S3,56,1.151,33.27,33.29,0.1664,166876,635
S3,57,1.182,30.77,30.73,0.1538,198360,651
S3,58,1.215,33.49,33.50,0.1674,134452,667
S3,59,1.247,31.88,31.88,0.1594,224330,677
S3,60,1.275,27.78,27.79,0.1389,92682,677
S3,61,1.302,27.31,27.31,0.1366,11604,675
S3,62,1.330,27.30,27.30,0.1365,103404,674
S3,63,1.356,26.89,26.89,0.1344,33456,674
S3,64,1.385,28.02,28.01,0.1401,31928,674
S3,65,1.413,28.79,28.80,0.1440,105368,673
S3,66,1.441,28.10,28.09,0.1405,62368,673
S3,67,1.469,28.01,28.01,0.1400,125992,673
S3,68,1.498,28.17,28.19,0.1408,153266,673
S3,69,1.526,28.92,28.91,0.1446,137444,673
S3,70,1.555,28.68,28.70,0.1434,117976,673
S3,71,1.584,28.61,28.60,0.1431,74508,673
S3,72,1.613,28.76,28.79,0.1438,138780,673
S3,73,1.642,29.54,29.50,0.1477,99130,672
S3,74,1.672,29.77,29.80,0.1489,58876,670
S3,75,1.702,30.31,30.30,0.1515,100020,670
S3,76,1.732,29.91,29.91,0.1495,35532,669
S3,77,1.762,29.70,29.69,0.1485,53710,668
S3,78,1.791,28.90,28.90,0.1445,48736,667
S3,79,1.820,29.49,29.48,0.1475,106628,667
S3,80,1.849,28.92,28.92,0.1446,60392,667
S3,81,1.878,28.87,28.88,0.1444,76656,667
S3,82,1.907,29.19,29.21,0.1460,92132,667
S3,83,1.937,29.72,29.71,0.1486,88452,667
S3,84,1.969,32.10,31.90,0.1605,74952,667
S3,85,1.999,30.32,30.52,0.1516,98490,667
S3,86,2.030,30.59,30.59,0.1529,26160,667
S3,87,2.060,30.50,30.48,0.1525,85092,667
S3,88,2.092,31.20,31.21,0.1560,20476,667
S3,89,2.122,30.73,30.71,0.1537,97596,666
S3,90,2.153,30.56,30.59,0.1528,39764,666
S3,91,2.182,29.51,29.49,0.1475,13402,666
S3,92,2.212,29.39,29.40,0.1470,136008,666
S3,93,2.241,29.52,29.50,0.1476,56160,666
S3,94,2.270,29.10,29.10,0.1455,65530,665
S3,95,2.298,28.10,28.10,0.1405,20736,665
S3,96,2.327,28.11,28.10,0.1405,21996,665
S3,97,2.354,27.19,27.19,0.1359,62116,665
S3,98,2.382,27.70,27.70,0.1385,30240,664
S3,99,2.408,26.47,26.49,0.1324,45000,664
S3,100,2.434,26.02,26.01,0.1301,11208,663
S3,101,2.461,26.80,26.80,0.1340,38500,663
S3,102,2.712,50.59,50.61,0.2530,374964,658
S3,103,2.749,37.40,37.40,0.1870,504352,656
S3,104,2.780,30.52,30.50,0.1526,98512,656
S3,105,2.817,37.39,37.40,0.1869,49294,656
S3,106,2.842,24.20,24.19,0.1210,44280,656
S3,107,2.862,20.88,20.89,0.1044,27836,656
S3,108,2.883,20.02,20.01,0.1001,32224,656
S3,109,2.902,19.51,19.49,0.0976,24250,655
S3,110,2.922,19.69,19.71,0.0985,31560,655
S3,111,2.943,21.28,21.28,0.1064,26396,655
S3,112,2.965,22.12,22.11,0.1106,29096,655
S3,113,2.985,19.69,19.70,0.0984,19196,655
S3,114,3.005,20.21,20.21,0.1011,8808,655
S3,115,3.025,19.89,19.89,0.0995,26670,655
S3,116,3.044,19.18,19.19,0.0959,15916,655
S3,117,3.065,20.61,20.60,0.1031,12892,655
S3,118,3.086,21.03,21.00,0.1051,13924,654
S3,119,3.105,19.47,19.49,0.0973,23204,653
S3,120,3.125,20.20,20.20,0.1010,28156,653
S3,121,3.146,21.01,21.00,0.1051,20336,652
S3,122,3.166,20.00,20.01,0.1000,18614,651
S3,123,3.186,19.18,19.18,0.0959,10976,651
S3,124,3.205,19.42,19.40,0.0971,31112,651
S3,125,3.224,19.31,19.31,0.0965,25752,651
S3,126,3.244,19.77,19.79,0.0989,5684,651
S3,127,3.263,19.32,19.30,0.0966,17528,651
S3,128,3.283,19.59,19.60,0.0979,650,651
S3,129,3.303,19.80,19.80,0.0990,3400,651
S3,130,3.324,20.82,20.79,0.1041,30904,649
S3,131,3.343,19.68,19.71,0.0984,13400,649
S3,132,3.363,20.14,20.09,0.1007,13400,649
S3,133,3.383,19.38,19.40,0.0969,2324,649
S3,134,3.402,19.66,19.67,0.0983,42894,649
S3,135,3.423,20.47,20.43,0.1024,1268,648
S3,136,3.443,19.80,19.78,0.0990,9492,648
S3,137,3.463,20.58,20.60,0.1029,9492,648
S3,138,3.484,20.47,20.48,0.1024,2868,648
S3,139,3.503,19.69,19.70,0.0985,1808,647
S3,140,3.524,20.07,20.02,0.1003,3548,646
S3,141,3.544,20.23,20.28,0.1012,2306,645
S3,142,3.563,19.65,19.62,0.0982,23524,645
S3,143,3.584,20.56,20.58,0.1028,23556,645
S3,144,3.604,19.71,19.71,0.0986,8556,644
S3,145,3.624,20.81,20.79,0.1041,15076,644
S3,146,3.646,21.16,21.19,0.1058,15660,643
S3,147,3.667,21.03,21.01,0.1052,28884,643
S3,148,3.688,21.59,21.58,0.1080,9444,643
S3,149,3.710,21.60,21.62,0.1080,22080,643
S3,150,3.732,22.43,22.39,0.1122,30776,643
S3,151,3.753,21.08,21.09,0.1054,41328,641
S3,152,3.774,20.99,21.02,0.1049,7232,638
S3,153,3.796,21.98,21.98,0.1099,51746,635
S3,154,3.819,22.35,22.31,0.1117,2820,632
S3,155,3.841,22.45,22.49,0.1123,7640,631
S3,156,3.863,22.30,22.30,0.1115,34572,629
S3,157,3.887,23.32,23.30,0.1166,8702,628
S3,158,3.909,22.40,22.41,0.1120,4800,627
S3,159,3.932,22.33,22.31,0.1117,18600,625
S3,160,3.953,21.97,21.98,0.1099,21440,625
S3,161,3.976,22.40,22.20,0.1120,26866,625
S3,162,3.998,22.10,22.30,0.1105,7526,625
S3,163,4.022,23.63,23.61,0.1182,10782,624
S3,164,4.046,24.34,24.39,0.1217,18368,624
S3,165,4.071,24.92,24.90,0.1246,13048,621
S3,166,4.094,23.24,23.20,0.1162,8224,620
S3,167,4.117,22.75,22.78,0.1137,16944,619
S3,168,4.140,23.23,23.21,0.1161,16524,619
S3,169,4.164,23.88,23.89,0.1194,8016,619
S3,170,4.188,24.19,24.21,0.1209,6524,617
S3,171,4.212,23.90,23.89,0.1195,11496,614
S3,172,4.236,23.75,23.71,0.1188,17648,612
S3,173,4.259,23.05,23.09,0.1152,12428,612
S3,174,4.283,24.03,24.00,0.1201,17672,612
S3,175,4.308,24.69,24.69,0.1234,4410,608
S3,176,4.332,24.00,24.00,0.1200,27408,608
S3,177,4.359,27.09,27.10,0.1355,21120,607
S3,178,4.389,30.10,30.10,0.1505,32140,606
S3,179,4.421,32.39,32.39,0.1620,22448,605
S3,180,4.455,33.72,33.71,0.1686,24640,602
S3,181,4.488,33.21,33.20,0.1661,69180,598
S3,182,4.522,33.56,33.60,0.1678,59984,596
S3,183,4.557,34.83,34.79,0.1741,21820,595
S3,184,4.592,35.28,35.30,0.1764,84408,593
S3,185,4.627,34.72,34.69,0.1736,17508,588
S3,186,4.662,35.77,35.80,0.1789,98492,586
S3,187,4.697,34.52,34.50,0.1726,20522,584
S3,188,4.729,32.09,32.10,0.1604,27672,581
S3,189,4.759,30.51,30.48,0.1525,20504,577
S3,190,4.791,31.10,31.11,0.1555,39828,570
S3,191,4.821,30.46,30.40,0.1523,21274,566
S3,192,4.852,30.88,30.89,0.1544,5592,561
S3,193,4.883,30.87,30.89,0.1543,28248,558
S3,194,4.915,32.30,32.32,0.1615,18324,555
S3,195,4.950,34.91,34.89,0.1745,40298,550
S3,196,4.984,34.19,34.19,0.1709,19428,544
S3,197,5.020,35.61,35.60,0.1781,22024,540
S3,198,5.063,42.98,43.00,0.2149,54512,535
S3,199,5.109,46.21,46.19,0.2310,40476,527
S3,200,5.159,49.79,49.80,0.2489,41432,522
S3,201,5.210,51.72,51.70,0.2586,16156,520
S3,202,5.267,56.62,56.60,0.2831,63620,507
S3,203,5.325,58.37,58.39,0.2919,15724,497
S3,204,5.384,58.91,58.90,0.2945,19152,490
S3,205,5.445,60.83,60.81,0.3041,31040,477
S3,206,5.506,61.30,61.29,0.3065,8504,467
S3,207,5.566,59.49,59.49,0.2974,27852,458
S3,208,5.625,59.48,59.49,0.2974,34556,445
S3,209,5.686,60.69,60.69,0.3035,52564,428
S3,210,5.749,62.61,62.62,0.3130,48940,405
S3,211,5.807,58.71,58.69,0.2936,54174,377
S3,212,5.863,56.01,56.01,0.2800,7476,352
S3,213,5.914,50.30,50.30,0.2515,12428,340
S3,214,5.965,50.80,50.79,0.2540,9294,313
S3,215,6.015,50.59,50.41,0.2529,5046,286
S3,216,6.063,47.89,48.10,0.2394,4938,254
S3,217,6.104,40.92,40.90,0.2046,4790,225
S3,218,6.143,39.29,39.30,0.1965,4284,202
S3,219,6.173,29.40,29.40,0.1470,3500,177
S3,220,6.200,27.89,27.90,0.1394,24392,156
S3,221,6.225,24.19,24.18,0.1210,35994,146
S3,222,6.250,24.93,24.91,0.1246,2758,137
S3,223,6.279,29.30,29.30,0.1465,3412,117
S3,224,6.310,30.79,30.80,0.1539,1704,104
S3,225,6.358,48.72,48.69,0.2436,2104,93
S3,226,6.390,31.57,31.60,0.1579,3098,71
S3,227,6.416,25.62,25.60,0.1281,1486,63
S3,228,6.438,22.77,22.79,0.1139,650,60
S3,229,6.461,22.31,22.31,0.1116,2976,53
S3,230,6.487,26.31,26.29,0.1316,2104,51
S3,231,6.508,21.08,21.10,0.1054,2322,47
S3,232,6.525,17.30,17.29,0.0865,2104,45
S3,233,6.544,18.50,18.50,0.0925,2322,42
S3,234,6.563,19.31,19.30,0.0966,2540,39
S3,235,6.582,18.38,18.39,0.0919,3028,32
S3,236,6.601,19.10,19.10,0.0955,2322,27
S3,237,6.619,18.01,18.02,0.0901,2104,26
S3,238,6.637,18.02,18.00,0.0901,1268,23
S3,239,6.653,15.92,15.90,0.0796,2540,19
S3,240,6.668,15.78,15.79,0.0789,1268,19
S3,241,6.683,14.91,14.90,0.0746,1268,17
S3,242,6.697,13.77,13.79,0.0688,2322,13
S3,243,6.711,13.92,13.90,0.0696,1300,12
S3,244,6.725,13.69,13.71,0.0685,2104,11
S3,245,6.738,13.40,13.40,0.0670,464,11
S3,246,6.750,11.51,11.49,0.0575,464,11
S3,247,6.762,12.09,12.09,0.0605,2322,9
S3,248,6.774,12.82,12.80,0.0641,1518,7
S3,249,6.786,11.88,11.89,0.0594,516,7
S3,250,6.798,11.60,11.61,0.0580,682,6
S3,251,6.809,11.02,10.99,0.0551,464,6
S3,252,6.820,11.20,11.20,0.0560,1300,5
S3,253,6.832,12.29,12.30,0.0614,682,4
S3,254,6.843,10.89,10.89,0.0545,464,4
S3,255,6.854,11.00,11.00,0.0550,682,3
S3,256,6.865,10.74,10.70,0.0537,464,3
S3,257,6.876,10.59,10.60,0.0530,464,3
S3,258,6.888,12.38,12.40,0.0619,1300,2
S3,259,6.900,11.60,11.59,0.0580,1518,0
S3,260,6.926,26.42,26.41,0.1321,38958,1
S3,261,6.939,13.11,13.10,0.0655,11680,14
S3,262,6.952,13.07,13.08,0.0654,12484,20
S3,263,6.965,12.29,12.31,0.0615,11680,27
S3,264,6.977,12.95,12.90,0.0648,11680,33
S3,265,6.989,11.95,11.99,0.0598,11732,39
S3,266,7.002,12.21,12.20,0.0610,6072,45
S3,267,7.013,11.29,11.29,0.0565,464,52
S3,268,7.025,11.80,11.80,0.0590,464,57
S3,269,7.038,13.27,13.24,0.0664,464,63
S3,270,7.049,11.43,11.46,0.0571,464,70
S3,271,7.061,11.52,11.52,0.0576,464,75
S3,272,7.073,11.92,11.89,0.0596,464,81
S3,273,7.085,11.77,11.77,0.0589,464,87
S3,274,7.097,12.30,12.31,0.0615,464,93
S3,275,7.109,11.98,11.98,0.0599,1268,99
S3,276,7.122,12.72,12.71,0.0636,464,105
S3,277,7.134,12.11,12.11,0.0606,464,112
S3,278,7.145,11.68,11.69,0.0584,464,118
S3,279,7.158,12.50,12.49,0.0625,464,123
S3,280,7.170,12.17,12.19,0.0609,464,130
S3,281,7.183,13.11,13.11,0.0656,1268,136
S3,282,7.196,12.31,12.32,0.0616,516,142
S3,283,7.208,12.40,12.38,0.0620,464,148
S3,284,7.221,12.90,12.91,0.0645,464,155
S3,285,7.233,12.59,12.59,0.0630,1268,161
S3,286,7.247,13.23,13.21,0.0662,464,167
S3,287,7.259,12.50,12.49,0.0625,464,174
S3,288,7.272,13.26,13.29,0.0663,464,180
S3,289,7.286,13.62,13.61,0.0681,1268,187
S3,290,7.299,13.37,13.39,0.0668,1268,194
S3,291,7.312,13.05,13.01,0.0652,464,200
S3,292,7.325,12.59,12.59,0.0629,464,207
S3,293,7.339,14.26,14.28,0.0713,1268,213
S3,294,7.352,12.73,12.72,0.0637,464,220
S3,295,7.366,13.63,13.60,0.0681,464,227
S3,296,7.379,13.28,13.30,0.0664,464,234
S3,297,7.393,14.28,14.29,0.0714,1268,240
S3,298,7.406,13.20,13.20,0.0660,516,247
S3,299,7.421,14.10,14.09,0.0705,464,254
S3,300,7.435,13.98,14.00,0.0699,1268,261
S3,301,7.448,12.98,12.91,0.0649,464,268
S3,302,7.462,14.25,14.29,0.0713,464,274
S3,303,7.475,13.58,13.58,0.0679,1268,282
S3,304,7.490,14.49,14.51,0.0725,464,288
S3,305,7.503,13.51,13.49,0.0675,464,296
S3,306,7.517,13.82,13.82,0.0691,464,302
S3,307,7.531,14.11,14.11,0.0706,1268,309
S3,308,7.546,14.56,14.58,0.0728,464,316
S3,309,7.560,13.71,13.71,0.0686,464,324
S3,310,7.574,14.21,14.20,0.0711,464,330
S3,311,7.588,14.33,14.30,0.0716,1268,338
S3,312,7.603,14.76,14.78,0.0738,464,345
S3,313,7.617,14.32,14.32,0.0716,1320,352
S3,314,7.632,15.17,15.18,0.0759,464,359
S3,315,7.647,14.42,14.40,0.0721,464,367
S3,316,7.662,15.48,15.49,0.0774,1268,374
S3,317,7.677,15.11,15.10,0.0756,1268,382
S3,318,7.693,15.68,15.70,0.0784,464,389
S3,319,7.708,14.62,14.60,0.0731,1268,397
S3,320,7.724,16.08,16.10,0.0804,1268,405
S3,321,7.740,15.88,15.88,0.0794,1268,413
S3,322,7.756,16.32,16.32,0.0816,1268,420
S3,323,7.772,15.72,15.70,0.0786,1268,429
S3,324,7.788,16.48,16.49,0.0824,1268,437
S3,325,7.805,16.40,16.39,0.0820,1268,445
S3,326,7.821,16.38,16.39,0.0819,1320,453
S3,327,7.838,17.00,16.96,0.0850,464,461
S3,328,7.855,16.89,16.92,0.0845,1268,470
S3,329,7.872,17.65,17.62,0.0883,1268,478
S3,330,7.890,17.32,17.30,0.0866,1268,487
S3,331,7.907,17.56,17.59,0.0878,1268,496
S3,332,7.925,17.92,17.90,0.0896,1268,504
S3,333,7.943,17.86,17.88,0.0893,1268,513
S3,334,7.961,18.02,18.02,0.0901,1268,522
S3,335,7.979,18.09,18.09,0.0904,1268,531
S3,336,7.998,19.10,19.11,0.0955,1268,540
S3,337,8.017,18.81,18.60,0.0941,1312,550
S3,338,8.036,19.11,19.29,0.0956,1320,559
S3,339,8.055,18.88,18.89,0.0944,1268,569
S3,340,8.074,18.40,18.39,0.0920,1268,577
S3,341,8.093,19.31,19.32,0.0965,1268,586
S3,342,8.113,19.95,19.91,0.0997,1268,596
S3,343,8.132,19.25,19.28,0.0962,1268,606
S3,344,8.152,19.78,19.80,0.0989,1268,616
S3,345,8.172,19.67,19.61,0.0983,1268,626
S3,346,8.191,19.73,19.77,0.0987,1268,635
S3,347,8.211,20.24,20.21,0.1012,1268,645
S3,348,8.232,20.63,20.59,0.1031,1268,654
S3,349,8.252,20.04,20.09,0.1002,1320,665
S3,350,8.273,20.72,20.70,0.1036,1268,675
S3,351,8.294,21.53,21.50,0.1076,2068,684
S3,352,8.315,20.16,20.19,0.1008,1472,686
S3,353,8.336,21.10,21.10,0.1055,1268,686
S3,354,8.357,20.91,20.90,0.1045,1268,686
S3,355,8.377,19.95,19.91,0.0997,1268,686
S3,356,8.397,20.64,20.69,0.1032,1268,686
S3,357,8.418,21.22,21.19,0.1061,1268,686
S3,358,8.439,20.91,20.91,0.1045,1268,686
S3,359,8.461,21.97,21.97,0.1098,1320,686
S3,360,8.483,21.45,21.41,0.1072,1268,686
S3,361,8.504,21.77,21.79,0.1088,1268,685
S3,362,8.526,21.51,21.51,0.1075,1268,685
S3,363,8.547,21.19,21.18,0.1059,1268,684
S3,364,8.570,22.60,22.61,0.1130,1268,684
S3,365,8.592,22.69,22.69,0.1134,1268,684
S3,366,8.614,21.14,21.12,0.1057,1268,684
S3,367,8.636,22.06,22.08,0.1103,1268,684
S3,368,8.658,21.91,21.90,0.1095,1268,684
S3,369,8.679,21.83,21.81,0.1092,1320,683
S3,370,8.702,22.90,22.90,0.1145,1268,682
S3,371,8.725,22.68,22.70,0.1134,1268,681
S3,372,8.747,22.10,22.10,0.1105,1268,681
S3,373,8.769,21.88,21.89,0.1094,1268,681
S3,374,8.790,21.51,21.50,0.1076,1268,681
S3,375,8.812,21.81,21.80,0.1090,1268,681
S3,376,8.834,22.18,22.20,0.1109,1268,681
S3,377,8.856,21.41,21.40,0.1070,1268,681
S3,378,8.878,21.92,21.91,0.1096,1268,681
S3,379,8.900,22.06,22.09,0.1103,1320,681
S3,380,8.922,21.93,21.91,0.1097,1268,681
S3,381,8.944,22.38,22.38,0.1119,1268,679
S3,382,8.966,21.90,21.91,0.1095,1268,679
S3,383,8.989,22.83,22.81,0.1142,1268,678
S3,384,9.012,22.68,22.68,0.1134,1268,678
S3,385,9.033,21.70,21.70,0.1085,1268,678
S3,386,9.056,22.38,22.39,0.1119,1268,678
S3,387,9.078,22.62,22.59,0.1131,650,677
S3,388,9.100,21.92,21.91,0.1096,1320,677
S3,389,9.123,22.66,22.67,0.1133,1268,676
S3,390,9.145,21.73,21.72,0.1087,650,676
S3,391,9.166,21.77,21.78,0.1088,1268,676
S3,392,9.189,22.91,22.91,0.1146,1268,675
S3,393,9.211,21.40,21.40,0.1070,1268,675
S3,394,9.233,22.32,22.30,0.1116,1268,675
S3,395,9.255,22.07,22.09,0.1103,1268,674
S3,396,9.276,21.12,21.09,0.1056,1268,674
S3,397,9.299,22.40,22.40,0.1120,1268,674
S3,398,9.320,21.00,21.00,0.1050,702,674
S3,399,9.340,20.90,20.90,0.1045,1268,674
S3,400,9.362,21.50,21.50,0.1075,1268,672
S3,401,9.382,20.29,20.29,0.1015,1268,671
S3,402,9.403,20.91,20.89,0.1045,1268,671
S3,403,9.424,21.20,21.21,0.1060,1268,671
S3,404,9.445,20.59,20.60,0.1029,1268,671
S3,405,9.465,20.30,20.29,0.1015,1268,671
S3,406,9.486,20.82,20.83,0.1041,1268,671
S3,407,9.506,20.21,20.19,0.1011,1268,670
S3,408,9.526,20.09,20.09,0.1005,1320,669
S3,409,9.547,20.87,20.90,0.1044,1268,669
S3,410,9.567,19.52,19.50,0.0976,1268,669
S3,411,9.587,20.14,20.10,0.1007,1268,669
S3,412,9.606,19.23,19.28,0.0962,650,669
S3,413,9.625,19.20,19.20,0.0960,1268,669
S3,414,9.645,20.11,20.09,0.1005,1268,668
S3,415,9.665,20.03,20.01,0.1002,1268,668
S3,416,9.685,19.56,19.58,0.0978,1268,668
S3,417,9.705,20.01,20.00,0.1000,1268,668
S3,418,9.725,19.92,19.91,0.0996,1268,668
S3,419,9.744,19.37,19.38,0.0969,1320,668
S3,420,9.764,19.83,19.80,0.0991,1268,668
S3,421,9.784,20.09,20.11,0.1005,650,668
S3,422,9.803,19.00,19.00,0.0950,1268,668
S3,423,9.823,19.61,19.61,0.0981,1268,667
S3,424,9.842,19.58,19.59,0.0979,1268,667
S3,425,9.862,19.64,19.61,0.0982,1268,667
S3,426,9.882,19.87,19.89,0.0993,1268,667
S3,427,9.902,20.49,20.49,0.1025,1268,667
S3,428,9.922,19.09,19.09,0.0954,26446,667
S3,429,9.941,19.61,19.60,0.0980,1268,667
S3,430,9.961,20.12,20.11,0.1006,1320,667
S3,431,9.981,19.49,19.50,0.0974,650,667
S3,432,10.000,19.52,19.51,0.0976,1268,667
S3,433,10.021,20.29,20.09,0.1014,1268,667
S3,434,10.041,20.49,20.68,0.1024,1268,667
S3,435,10.061,20.12,20.12,0.1006,1268,667
S3,436,10.081,19.71,19.70,0.0985,1268,667
S3,437,10.100,19.29,19.29,0.0965,1268,667
S3,438,10.120,20.10,20.09,0.1005,27064,667
S3,439,10.141,20.40,20.39,0.1020,1268,667
S3,440,10.160,19.69,19.70,0.0984,1268,667
S3,441,10.180,20.01,20.00,0.1000,1320,667
S3,442,10.200,19.61,19.60,0.0981,1268,667
S3,443,10.219,19.30,19.30,0.0965,1268,667
S3,444,10.239,20.19,20.19,0.1009,1268,667
S3,445,10.259,19.59,19.59,0.0979,1268,667
S3,446,10.279,20.05,20.02,0.1003,650,667
S3,447,10.299,20.28,20.28,0.1014,1268,667
S3,448,10.319,19.66,19.69,0.0983,1268,666
S3,449,10.339,19.50,19.49,0.0975,1268,666
S3,450,10.359,20.30,20.31,0.1015,1268,666
S3,451,10.379,19.95,19.91,0.0997,1268,665
S3,452,10.399,20.15,20.17,0.1008,1320,665
S3,453,10.420,20.64,20.61,0.1032,650,663
S3,454,10.439,19.65,19.69,0.0982,1268,663
S3,455,10.459,20.01,20.01,0.1001,1268,663
S3,456,10.480,20.33,20.30,0.1016,650,662
S3,457,10.500,19.96,19.98,0.0998,1268,662
S3,458,10.520,20.73,20.71,0.1036,650,662
S3,459,10.541,20.51,20.50,0.1025,1268,662
S3,460,10.561,19.88,19.89,0.0994,1268,662
S3,461,10.582,20.90,20.90,0.1045,1268,662
S3,462,10.602,20.81,20.80,0.1040,1320,661
S3,463,10.623,20.78,20.78,0.1039,1268,661
S3,464,10.644,21.01,21.02,0.1050,650,661
S3,465,10.665,21.12,21.10,0.1056,1268,661
S3,466,10.686,20.89,20.89,0.1044,1268,661
S3,467,10.708,21.68,21.69,0.1084,1268,661
S3,468,10.729,21.43,21.41,0.1071,1268,661
S3,469,10.750,21.17,21.19,0.1059,1268,661
S3,470,10.773,22.21,22.21,0.1111,1268,661
S3,471,10.795,22.13,22.10,0.1106,1268,661
S3,472,10.816,21.58,21.59,0.1079,1320,660
S3,473,10.840,23.27,23.29,0.1164,1268,660
S3,474,10.862,22.71,22.69,0.1135,1268,658
S3,475,10.885,22.82,22.82,0.1141,650,658
S3,476,10.908,22.59,22.60,0.1129,1268,657
S3,477,10.929,21.63,21.61,0.1082,1268,657
S3,478,10.952,23.06,23.09,0.1153,1268,657
S3,479,10.975,22.30,22.30,0.1115,1268,655
S3,480,10.998,23.11,23.10,0.1156,1268,655
S3,481,11.021,23.09,23.11,0.1155,1320,655
S3,482,11.045,23.90,23.89,0.1195,1268,654
S3,483,11.068,23.41,23.39,0.1170,1268,653
S3,484,11.091,23.11,23.11,0.1155,1268,650
S3,485,11.114,22.39,22.40,0.1120,1268,649
S3,486,11.138,24.33,24.32,0.1217,650,648
S3,487,11.161,22.87,22.88,0.1144,1268,647
S3,488,11.184,22.80,22.79,0.1140,650,647
S3,489,11.207,23.03,22.99,0.1151,1268,645
S3,490,11.229,22.37,22.40,0.1118,1320,644
S3,491,11.252,23.28,23.29,0.1164,1268,644
S3,492,11.276,23.15,23.10,0.1158,1268,644
S3,493,11.300,23.97,24.00,0.1198,1268,644
S3,494,11.323,23.00,22.99,0.1150,1268,644
S3,495,11.345,22.90,22.91,0.1145,1268,644
S3,496,11.369,23.50,23.49,0.1175,1268,643
S3,497,11.392,23.49,23.49,0.1175,1268,642
S3,498,11.417,24.83,24.80,0.1242,650,642
S3,499,11.441,23.86,23.89,0.1193,1320,642
S3,500,11.466,24.34,24.32,0.1217,1268,641
S3,501,11.490,24.60,24.59,0.1230,1268,641
S3,502,11.515,24.58,24.59,0.1229,1268,640
S3,503,11.539,24.80,24.81,0.1240,1268,636
S3,504,11.565,25.41,25.39,0.1271,1268,634
S3,505,11.590,24.91,24.91,0.1246,1268,632
S3,506,11.617,26.93,26.91,0.1346,1268,629
S3,507,11.644,27.04,27.08,0.1352,1268,626
S3,508,11.672,28.53,28.50,0.1426,1320,622
S3,509,11.700,28.05,28.09,0.1403,1268,619
S3,510,11.730,29.64,29.61,0.1482,650,615
S3,511,11.759,28.49,28.49,0.1425,1268,610
S3,512,11.788,29.39,29.40,0.1470,1268,608
S3,513,11.817,29.22,29.21,0.1461,1268,600
S3,514,11.847,29.97,29.97,0.1499,1268,595
S3,515,11.878,30.91,30.93,0.1546,1320,591
S3,516,11.910,32.13,32.09,0.1606,1268,587
S3,517,11.945,34.85,34.88,0.1742,1268,581
S3,518,11.980,35.35,35.32,0.1768,1268,575
S3,519,12.023,42.45,42.28,0.2122,1268,572
S3,520,12.064,41.55,41.71,0.2077,1268,567
S3,521,12.113,48.28,48.29,0.2414,1320,559
S3,522,12.157,44.01,44.00,0.2200,1268,550
S3,523,12.198,41.61,41.60,0.2081,1556,543
S3,524,12.245,47.19,47.19,0.2359,1556,532
S3,525,12.287,41.74,41.73,0.2087,1556,520
S3,526,12.335,48.19,48.18,0.2409,9832,514
S3,527,12.377,41.47,41.49,0.2073,9780,505
S3,528,12.423,45.82,45.80,0.2291,1226,500
S3,529,12.463,40.39,40.40,0.2019,2100,490
S3,530,12.509,46.11,46.09,0.2305,9492,483
S3,531,12.551,41.98,42.00,0.2099,1320,470
S3,532,12.598,46.52,46.50,0.2326,1556,463
S3,533,12.646,48.60,48.60,0.2430,25532,439
S3,534,12.689,42.67,42.68,0.2134,13400,423
S3,535,12.735,45.82,45.82,0.2291,1268,406
S3,536,12.773,38.41,38.40,0.1921,1320,401
S3,537,12.809,35.87,35.89,0.1793,13400,393
S3,538,12.850,41.01,41.00,0.2051,2324,380
S3,539,12.884,34.19,34.20,0.1709,2976,358
S3,540,12.915,31.22,31.19,0.1561,3412,348
S3,541,12.944,28.58,28.60,0.1429,3194,335
S3,542,12.971,27.01,27.00,0.1351,2810,325
S3,543,12.996,25.49,25.50,0.1275,2540,316
S3,544,13.021,24.82,24.79,0.1241,4066,299
S3,545,13.047,25.46,25.50,0.1273,2758,282
S3,546,13.071,24.62,24.61,0.1231,3848,267
S3,547,13.095,23.99,23.99,0.1199,3520,254
S3,548,13.117,21.82,21.81,0.1091,2758,245
S3,549,13.140,22.54,22.49,0.1127,2104,241
S3,550,13.162,21.96,22.01,0.1098,2540,235
S3,551,13.183,21.61,21.60,0.1081,2592,229
S3,552,13.204,20.79,20.79,0.1039,2104,226
S3,553,13.224,20.28,20.29,0.1014,1922,215
S3,554,13.246,21.49,21.50,0.1075,2976,205
S3,555,13.267,20.65,20.61,0.1032,2104,201
S3,556,13.285,18.95,18.98,0.0948,2104,196
S3,557,13.306,20.22,20.21,0.1011,2648,189
S3,558,13.327,21.21,21.20,0.1061,2104,187
S3,559,13.346,19.31,19.31,0.0966,2322,181
S3,560,13.367,20.35,20.37,0.1018,2322,178
S3,561,13.389,22.02,22.01,0.1101,2592,174
S3,562,13.408,19.24,19.21,0.0962,2540,166
S3,563,13.428,20.57,20.59,0.1029,2322,158
S3,564,13.451,22.11,22.10,0.1105,2758,149
S3,565,13.470,19.32,19.30,0.0966,2758,141
S3,566,13.490,19.70,19.69,0.0985,2610,136
S3,567,13.511,21.07,21.08,0.1053,2104,133
S3,568,13.533,22.71,22.71,0.1136,1268,131
S3,569,13.553,19.25,19.28,0.0963,2322,123
S3,570,13.572,19.28,19.22,0.0964,1268,122
S3,571,13.593,20.67,20.69,0.1033,2374,117
S3,572,13.612,19.69,19.69,0.0984,2104,110
S3,573,13.631,18.54,18.50,0.0927,2540,104
S3,574,13.650,19.35,19.39,0.0968,2104,102
S3,575,13.668,18.09,18.09,0.0905,2392,98
S3,576,13.687,18.42,18.41,0.0921,2540,95
S3,577,13.704,17.64,17.61,0.0882,2540,90
S3,578,13.721,16.44,16.49,0.0822,1268,83
S3,579,13.736,15.80,15.79,0.0790,2104,80
S3,580,13.753,16.71,16.69,0.0835,2540,76
S3,581,13.769,16.20,16.22,0.0810,2104,71
S3,582,13.785,15.52,15.50,0.0776,2540,65
S3,583,13.800,15.52,15.51,0.0776,2592,62
S3,584,13.815,14.97,14.98,0.0749,1268,61
S3,585,13.831,15.40,15.40,0.0770,1268,58
S3,586,13.845,14.59,14.60,0.0729,2104,52
S3,587,13.860,15.01,14.99,0.0750,2322,49
S3,588,13.875,15.01,15.00,0.0751,2104,47
S3,589,13.890,14.67,14.68,0.0733,1268,45
S3,590,13.904,13.92,13.91,0.0696,1268,43
S3,591,13.918,14.39,14.39,0.0720,2322,40
S3,592,13.932,13.62,13.60,0.0681,1704,37
S3,593,13.946,13.91,13.91,0.0696,1268,37
S3,594,13.960,14.18,14.19,0.0709,2322,28
S3,595,13.974,14.32,14.31,0.0716,2104,25
S3,596,13.988,13.88,13.88,0.0694,1486,23
S3,597,14.002,13.69,13.70,0.0685,1538,20
S3,598,14.016,14.03,14.01,0.0701,650,16
S3,599,14.029,12.86,12.68,0.0643,1268,15
S3,600,14.042,13.61,13.79,0.0680,1268,14
S3,601,14.055,12.71,12.71,0.0636,1268,13
S3,602,14.069,13.76,13.71,0.0688,1268,12
S3,603,14.082,12.82,12.87,0.0641,1268,8
S3,604,14.095,12.82,12.81,0.0641,1268,8
S3,605,14.108,13.32,13.30,0.0666,1268,5
S3,606,14.120,12.20,12.21,0.0610,1268,3
S3,607,14.133,13.27,13.28,0.0663,1268,2
S3,608,14.145,11.81,11.80,0.0591,1268,2
S3,609,14.158,12.39,12.40,0.0620,1268,0
S3,610,14.180,22.64,22.62,0.1132,18349,1
S3,611,14.193,13.15,13.17,0.0658,11680,12
S3,612,14.206,13.01,13.00,0.0651,12536,18
S3,613,14.219,12.38,12.39,0.0619,11680,25
S3,614,14.232,13.19,13.20,0.0659,11680,31
S3,615,14.244,12.52,12.51,0.0626,11680,38
S3,616,14.257,12.42,12.40,0.0621,11680,44
S3,617,14.268,11.17,11.20,0.0558,464,50
S3,618,14.279,11.11,11.11,0.0555,464,56
S3,619,14.291,12.01,11.99,0.0601,464,61
S3,620,14.303,11.79,11.80,0.0590,464,67
S3,621,14.315,12.12,12.10,0.0606,1268,73
S3,622,14.327,11.99,12.00,0.0600,464,79
S3,623,14.339,11.48,11.49,0.0574,464,85
S3,624,14.351,12.21,12.19,0.0611,464,91
S3,625,14.363,12.01,12.01,0.0600,464,97
S3,626,14.376,12.81,12.80,0.0641,1268,103
S3,627,14.387,11.77,11.79,0.0589,464,110
S3,628,14.399,11.72,11.71,0.0586,464,115
S3,629,14.411,12.39,12.39,0.0620,516,121
S3,630,14.424,12.09,12.10,0.0604,464,127
S3,631,14.436,12.45,12.41,0.0623,464,133
S3,632,14.448,11.94,11.98,0.0597,464,140
S3,633,14.460,12.10,12.10,0.0605,1268,146
S3,634,14.473,13.23,13.21,0.0661,464,152
S3,635,14.485,11.87,11.89,0.0594,464,158
S3,636,14.498,12.62,12.61,0.0631,464,164
S3,637,14.510,12.59,12.59,0.0629,464,171
S3,638,14.522,11.59,11.59,0.0580,464,177
S3,639,14.535,12.81,12.81,0.0641,464,183
S3,640,14.547,11.98,11.99,0.0599,464,189
S3,641,14.560,13.03,13.01,0.0652,1268,195
S3,642,14.573,12.89,12.89,0.0644,464,202
S3,643,14.585,12.30,12.30,0.0615,464,208
S3,644,14.598,13.50,13.51,0.0675,1268,214
S3,645,14.612,13.71,13.69,0.0686,1268,221
S3,646,14.626,13.39,13.40,0.0669,516,228
S3,647,14.638,12.48,12.49,0.0624,464,235
S3,648,14.651,13.02,13.00,0.0651,464,241
S3,649,14.665,13.51,13.50,0.0675,1268,247
S3,650,14.678,13.60,13.59,0.0680,464,254
S3,651,14.692,13.47,13.49,0.0673,464,261
S3,652,14.705,12.92,12.90,0.0646,1268,268
S3,653,14.719,14.00,14.00,0.0700,1268,274
S3,654,14.732,13.30,13.29,0.0665,464,281
S3,655,14.745,13.28,13.30,0.0664,464,288
S3,656,14.758,13.22,13.19,0.0661,1268,294
S3,657,14.773,14.32,14.30,0.0716,464,301
S3,658,14.787,13.88,13.90,0.0694,1268,308
S3,659,14.801,14.69,14.70,0.0735,464,315
S3,660,14.815,13.82,13.80,0.0691,1268,322
S3,661,14.830,15.33,15.30,0.0767,1320,329
S3,662,14.844,14.05,14.09,0.0702,464,337
S3,663,14.859,14.70,14.70,0.0735,464,344
S3,664,14.873,14.10,14.09,0.0705,1268,351
S3,665,14.888,14.90,14.90,0.0745,464,358
S3,666,14.903,14.51,14.51,0.0726,1268,366
S3,667,14.918,15.40,15.39,0.0770,1268,373
S3,668,14.933,15.00,15.00,0.0750,1268,381
S3,669,14.949,15.90,15.89,0.0795,1268,388
S3,670,14.963,14.42,14.40,0.0721,464,396
S3,671,14.978,15.09,15.10,0.0755,464,403
S3,672,14.994,15.58,15.59,0.0779,1268,411
S3,673,15.010,16.33,16.31,0.0816,1268,419
S3,674,15.025,14.89,14.89,0.0744,464,427
S3,675,15.041,15.58,15.58,0.0779,516,434
S3,676,15.057,16.32,16.32,0.0816,1268,442
S3,677,15.073,16.32,16.30,0.0816,464,450
S3,678,15.090,16.06,16.09,0.0803,1268,458
S3,679,15.106,16.61,16.60,0.0831,1268,466
S3,680,15.123,17.12,17.10,0.0856,1268,475
S3,681,15.140,16.88,16.89,0.0844,1268,483
S3,682,15.157,17.32,17.30,0.0866,1268,492
S3,683,15.175,17.88,17.89,0.0894,1268,500
S3,684,15.194,18.23,18.20,0.0912,1268,509
S3,685,15.211,17.86,17.89,0.0893,1268,519
S3,686,15.229,17.82,17.81,0.0891,1268,527
S3,687,15.248,18.28,18.29,0.0914,1320,536
S3,688,15.265,17.31,17.29,0.0865,1268,545
S3,689,15.283,18.49,18.50,0.0924,1312,554
S3,690,15.302,18.82,18.81,0.0941,1268,563
S3,691,15.321,18.50,18.49,0.0925,1268,573
S3,692,15.340,19.02,19.00,0.0951,1268,582
S3,693,15.359,18.88,18.89,0.0944,1268,592
S3,694,15.378,18.99,19.00,0.0950,1268,601
S3,695,15.397,19.07,19.08,0.0954,1268,611
S3,696,15.416,19.63,19.61,0.0982,1268,620
S3,697,15.436,19.99,19.99,0.0999,1268,630
S3,698,15.456,20.23,20.21,0.1011,1320,639
S3,699,15.477,20.09,20.09,0.1005,1268,649
S3,700,15.496,19.58,19.59,0.0979,1268,659
S3,701,15.516,20.01,20.00,0.1000,1268,669
S3,702,15.537,20.81,20.81,0.1041,1268,679
S3,703,15.558,20.96,20.98,0.1048,1348,689
S3,704,15.580,21.74,21.72,0.1087,2192,700
S3,705,15.600,20.47,20.48,0.1024,1268,700
S3,706,15.620,20.30,20.31,0.1015,1268,700
S3,707,15.641,20.39,20.39,0.1020,1268,700
S3,708,15.662,21.43,21.40,0.1071,1320,700
S3,709,15.683,20.89,20.90,0.1044,1268,699
S3,710,15.704,21.18,21.19,0.1059,1268,699
S3,711,15.726,21.73,21.70,0.1087,1268,698
S3,712,15.747,20.88,20.90,0.1044,1268,697
S3,713,15.768,21.52,21.49,0.1076,1268,697
S3,714,15.791,22.30,22.30,0.1115,1268,697
S3,715,15.813,21.81,21.80,0.1091,1268,697
S3,716,15.835,22.77,22.79,0.1138,1268,696
S3,717,15.858,22.42,22.40,0.1121,1268,696
S3,718,15.880,22.19,22.19,0.1110,702,695
S3,719,15.903,23.09,23.10,0.1155,1268,695
S3,720,15.925,22.32,22.31,0.1116,1268,694
S3,721,15.948,22.17,22.19,0.1109,1268,694
S3,722,15.971,22.92,22.90,0.1146,650,693
S3,723,15.993,22.21,22.20,0.1111,1268,693
S3,724,16.016,23.06,23.09,0.1153,1268,693
S3,725,16.039,23.28,23.08,0.1164,650,691
S3,726,16.062,22.65,22.81,0.1132,1268,691
S3,727,16.084,22.18,22.20,0.1109,17736,691
S3,728,16.105,21.29,21.30,0.1065,17066,691
S3,729,16.127,21.93,21.89,0.1096,1268,691
S3,730,16.150,22.50,22.51,0.1125,1268,691
S3,731,16.172,22.07,22.08,0.1103,1268,689
S3,732,16.194,22.01,22.00,0.1100,1268,689
S3,733,16.216,22.11,22.10,0.1105,1268,689
S3,734,16.238,22.29,22.30,0.1114,1268,689
S3,735,16.260,22.28,22.27,0.1114,1268,689
S3,736,16.282,21.72,21.72,0.1086,1268,689
S3,737,16.304,22.00,22.01,0.1100,1320,688
S3,738,16.326,22.02,22.01,0.1101,1268,688
S3,739,16.348,22.07,22.09,0.1104,1268,688
S3,740,16.371,22.42,22.40,0.1121,1268,688
S3,741,16.394,23.32,23.30,0.1166,650,687
S3,742,16.416,21.88,21.89,0.1094,1268,687
S3,743,16.438,22.09,22.10,0.1105,1268,687
S3,744,16.459,21.23,21.20,0.1061,1268,686
S3,745,16.481,21.58,21.60,0.1079,1268,685
S3,746,16.503,22.51,22.49,0.1125,1268,685
S3,747,16.526,22.81,22.80,0.1141,1320,684
S3,748,16.548,21.56,21.60,0.1078,1268,684
S3,749,16.569,21.51,21.49,0.1075,1268,684
S3,750,16.590,20.59,20.60,0.1030,1268,684
S3,751,16.611,21.50,21.51,0.1075,1268,684
S3,752,16.633,21.40,21.40,0.1070,1268,684
S3,753,16.653,20.80,20.80,0.1040,1268,684
S3,754,16.674,20.50,20.50,0.1025,1268,684
S3,755,16.695,20.71,20.70,0.1035,1268,684
S3,756,16.715,20.18,20.18,0.1009,1268,683
S3,757,16.735,20.49,20.50,0.1025,1320,683
S3,758,16.756,20.73,20.70,0.1036,1268,683
S3,759,16.776,20.51,20.50,0.1025,1268,682
S3,760,16.797,20.86,20.89,0.1043,1268,681
S3,761,16.817,19.71,19.71,0.0986,1268,681
S3,762,16.837,19.93,19.90,0.0997,1268,681
S3,763,16.858,20.76,20.80,0.1038,650,680
S3,764,16.877,18.99,18.99,0.0950,650,680
S3,765,16.896,19.53,19.51,0.0976,1268,679
S3,766,16.917,21.11,21.09,0.1055,1268,679
S3,767,16.938,20.11,20.13,0.1006,702,679
S3,768,16.957,19.97,19.96,0.0999,1268,678
S3,769,16.978,20.62,20.60,0.1031,1268,677
S3,770,16.999,21.17,21.20,0.1059,1268,677
S3,771,17.019,20.11,20.09,0.1005,1268,677
S3,772,17.040,20.58,20.59,0.1029,1268,677
S3,773,17.060,19.82,19.80,0.0991,1268,677
S3,774,17.080,20.02,20.00,0.1001,27064,677
S3,775,17.100,20.48,20.49,0.1024,1268,677
S3,776,17.120,19.63,19.62,0.0981,1268,677
S3,777,17.140,19.91,19.89,0.0995,1320,677
S3,778,17.160,20.19,20.19,0.1009,1268,677
S3,779,17.180,20.18,20.20,0.1009,1268,677
S3,780,17.200,19.75,19.71,0.0988,1268,677
S3,781,17.221,20.96,20.98,0.1048,1268,677
S3,782,17.241,20.00,19.99,0.1000,1268,677
S3,783,17.261,20.51,20.51,0.1026,1268,677
S3,784,17.282,20.30,20.30,0.1015,1268,676
S3,785,17.302,20.07,20.10,0.1004,1268,676
S3,786,17.322,20.36,20.31,0.1018,1268,676
S3,787,17.343,21.28,21.29,0.1064,1320,676
S3,788,17.364,20.08,20.08,0.1004,1268,675
S3,789,17.384,20.89,20.89,0.1045,650,675
S3,790,17.405,20.27,20.30,0.1014,1268,675
S3,791,17.424,19.31,19.30,0.0965,1268,675
S3,792,17.444,19.61,19.59,0.0980,1268,675
S3,793,17.465,21.36,21.33,0.1068,1268,674
S3,794,17.484,19.44,19.47,0.0972,1268,674
S3,795,17.504,19.90,19.89,0.0995,1268,672
S3,796,17.525,20.70,20.70,0.1035,1268,672
S3,797,17.545,19.80,19.79,0.0990,1320,671
S3,798,17.564,19.53,19.51,0.0977,650,671
S3,799,17.584,19.88,19.89,0.0994,1268,671
S3,800,17.604,19.39,19.39,0.0969,650,671
S3,801,17.624,20.04,20.00,0.1002,1268,671
S3,802,17.644,20.17,20.19,0.1008,650,670
S3,803,17.663,19.11,19.10,0.0955,1268,670
S3,804,17.683,20.13,20.10,0.1007,1268,669
S3,805,17.704,20.77,20.78,0.1038,1268,669
S3,806,17.724,19.71,19.70,0.0986,650,669
S3,807,17.743,19.99,20.00,0.1000,1268,669
S3,808,17.764,20.41,20.40,0.1020,1320,669
S3,809,17.784,19.97,19.99,0.0999,1268,669
S3,810,17.804,20.42,20.40,0.1021,1268,669
S3,811,17.825,20.98,20.99,0.1049,1268,669
S3,812,17.846,20.39,20.40,0.1020,650,669
S3,813,17.866,20.75,20.70,0.1037,1268,669
S3,814,17.888,21.73,21.72,0.1087,1268,669
S3,815,17.909,20.80,20.84,0.1040,1268,669
S3,816,17.930,21.45,21.43,0.1073,1268,669
S3,817,17.953,22.11,22.09,0.1106,1268,668
S3,818,17.974,21.61,21.59,0.1080,1320,668
S3,819,17.996,22.36,22.39,0.1118,1268,668
S3,820,18.018,21.20,21.20,0.1060,1268,667
S3,821,18.039,21.70,21.50,0.1085,1268,666
S3,822,18.063,23.54,23.71,0.1177,1268,666
S3,823,18.085,22.15,22.18,0.1108,650,665
S3,824,18.108,22.70,22.70,0.1135,1268,663
S3,825,18.131,23.01,23.00,0.1150,1268,663
S3,826,18.153,21.87,21.89,0.1093,1268,662
S3,827,18.176,23.22,23.20,0.1161,1320,662
S3,828,18.198,22.00,21.99,0.1100,1268,661
S3,829,18.220,22.45,22.42,0.1122,650,661
S3,830,18.243,23.04,23.08,0.1152,1268,661
S3,831,18.266,22.53,22.51,0.1127,1268,660
S3,832,18.289,23.07,23.08,0.1153,1268,658
S3,833,18.312,22.66,22.62,0.1133,1268,657
S3,834,18.334,22.89,22.89,0.1144,27064,657
S3,835,18.358,23.08,23.10,0.1154,1268,657
S3,836,18.380,22.21,22.21,0.1110,1320,656
S3,837,18.403,23.29,23.29,0.1165,1268,656
S3,838,18.427,23.83,23.81,0.1192,1268,655
S3,839,18.450,23.04,23.07,0.1152,1268,653
S3,840,18.474,24.04,24.02,0.1202,1268,653
S3,841,18.497,22.82,22.81,0.1141,1268,651
S3,842,18.520,23.06,23.08,0.1153,1268,651
S3,843,18.544,24.11,24.10,0.1205,1268,650
S3,844,18.566,22.51,22.51,0.1125,1268,650
S3,845,18.590,23.38,23.39,0.1169,1320,650
S3,846,18.612,22.31,22.29,0.1116,1268,650
S3,847,18.636,23.50,23.51,0.1175,650,648
S3,848,18.660,24.00,23.99,0.1200,1268,646
S3,849,18.684,24.10,24.11,0.1205,1268,644
S3,850,18.708,24.40,24.39,0.1220,1268,642
S3,851,18.732,23.88,23.89,0.1194,1268,641
S3,852,18.756,23.51,23.49,0.1175,1268,641
S3,853,18.781,25.37,25.33,0.1269,1268,639
S3,854,18.805,24.02,24.08,0.1201,1320,638
S3,855,18.830,24.53,24.51,0.1227,1268,637
S3,856,18.853,23.56,23.59,0.1178,1268,635
S3,857,18.877,23.82,23.80,0.1191,1268,633
S3,858,18.902,25.13,25.11,0.1256,650,633
S3,859,18.926,23.87,23.89,0.1193,1268,633
S3,860,18.951,24.80,24.80,0.1240,1268,632
S3,861,18.975,24.54,24.49,0.1227,1268,628
S3,862,19.000,25.26,25.30,0.1263,1268,627
S3,863,19.026,25.82,25.81,0.1291,1320,624
S3,864,19.053,26.58,26.59,0.1329,1268,620
S3,865,19.081,28.30,28.29,0.1415,1268,615
S3,866,19.109,28.10,28.11,0.1405,1268,611
S3,867,19.140,30.50,30.49,0.1525,1268,604
S3,868,19.170,29.71,29.71,0.1486,1268,602
S3,869,19.201,31.11,31.10,0.1556,1268,594
S3,870,19.233,32.18,32.20,0.1609,1320,591
S3,871,19.268,34.83,34.81,0.1741,1812,587
S3,872,19.303,35.07,35.09,0.1753,1268,583
S3,873,19.339,36.33,36.31,0.1816,1268,581
S3,874,19.382,43.09,43.10,0.2155,1268,577
S3,875,19.422,39.41,39.40,0.1970,1268,574
S3,876,19.462,40.08,40.09,0.2004,1320,566
S3,877,19.502,39.91,39.90,0.1996,1268,560
S3,878,19.546,44.98,44.99,0.2249,1268,557
S3,879,19.594,47.41,47.39,0.2370,1268,549
S3,880,19.644,50.13,50.12,0.2506,1268,540
S3,881,19.695,50.78,50.79,0.2539,1320,533
S3,882,19.738,43.59,43.61,0.2180,650,523
S3,883,19.778,39.53,39.50,0.1977,1268,511
S3,884,19.822,44.05,44.07,0.2203,1268,505
S3,885,19.863,40.54,40.51,0.2027,1268,496
S3,886,19.902,39.66,39.69,0.1983,17768,487
S3,887,19.942,39.53,39.50,0.1977,1268,473
S3,888,19.989,46.97,46.99,0.2349,1268,453
S3,889,20.039,49.91,49.90,0.2496,1268,434
S3,890,20.088,48.97,48.78,0.2449,1268,418
S3,891,20.134,46.12,46.30,0.2306,25584,406
S3,892,20.179,45.00,45.01,0.2250,3230,383
S3,893,20.215,36.11,36.10,0.1805,3448,361
S3,894,20.248,32.73,32.71,0.1636,3630,338
S3,895,20.277,29.78,29.79,0.1489,3412,324
S3,896,20.303,25.90,25.90,0.1295,2758,309
S3,897,20.329,25.82,25.79,0.1291,3752,298
S3,898,20.353,24.36,24.40,0.1218,2758,287
S3,899,20.379,25.53,25.51,0.1277,3230,262
S3,900,20.404,24.61,24.60,0.1230,2758,254
S3,901,20.427,23.49,23.50,0.1174,2758,241
S3,902,20.450,22.88,22.89,0.1144,2322,228
S3,903,20.471,21.61,21.59,0.1080,2540,222
S3,904,20.493,21.19,21.21,0.1059,2322,217
S3,905,20.514,21.33,21.30,0.1066,2976,208
S3,906,20.535,20.60,20.60,0.1030,2374,203
S3,907,20.555,20.68,20.70,0.1034,2576,187
S3,908,20.576,20.62,20.60,0.1031,2140,180
S3,909,20.596,20.30,20.30,0.1015,1704,174
S3,910,20.615,19.12,19.10,0.0956,1268,171
S3,911,20.635,19.40,19.39,0.0970,1268,170
S3,912,20.655,20.76,20.77,0.1038,1922,164
S3,913,20.677,21.31,21.32,0.1065,1704,158
S3,914,20.697,19.82,19.80,0.0991,2104,153
S3,915,20.716,19.79,19.79,0.0990,2322,147
S3,916,20.738,21.88,21.91,0.1094,2374,140
S3,917,20.759,21.10,21.09,0.1055,2322,135
S3,918,20.779,19.41,19.40,0.0970,2540,127
S3,919,20.799,19.86,19.89,0.0993,2976,116
S3,920,20.819,20.33,20.31,0.1016,2104,112
S3,921,20.840,20.82,20.80,0.1041,2322,107
S3,922,20.859,19.01,19.00,0.0951,2322,101
S3,923,20.876,17.60,17.59,0.0880,1268,100
S3,924,20.895,18.97,18.99,0.0949,2104,99
S3,925,20.914,18.80,18.80,0.0940,2104,97
S3,926,20.933,19.02,19.00,0.0951,1486,93
S3,927,20.952,19.29,19.29,0.0965,1538,91
S3,928,20.971,18.69,18.71,0.0935,1268,87
S3,929,20.989,18.20,18.19,0.0910,2540,82
S3,930,21.007,17.62,17.59,0.0881,1268,78
S3,931,21.024,16.98,17.00,0.0849,2322,72
S3,932,21.041,16.64,16.60,0.0832,2976,62
S3,933,21.057,16.88,16.90,0.0844,2104,59
S3,934,21.074,16.81,16.80,0.0841,2104,54
S3,935,21.090,15.97,15.99,0.0799,1268,50
S3,936,21.106,15.72,15.71,0.0786,2322,45
S3,937,21.122,15.98,15.98,0.0799,1268,43
S3,938,21.138,16.03,16.04,0.0801,1268,39
S3,939,21.154,15.77,15.77,0.0788,2374,35
S3,940,21.169,15.63,15.61,0.0781,2322,30
S3,941,21.186,16.90,16.88,0.0845,1486,29
S3,942,21.202,15.97,15.99,0.0799,2104,23
S3,943,21.218,16.00,16.00,0.0800,1268,21
S3,944,21.233,15.11,15.10,0.0755,1268,18
S3,945,21.250,16.59,16.59,0.0829,1268,17
S3,946,21.266,15.91,15.91,0.0795,1268,12
S3,947,21.281,15.05,15.01,0.0753,1268,8
S3,948,21.295,14.26,14.29,0.0713,464,7
S3,949,21.311,15.51,15.49,0.0776,1268,6
S3,950,21.326,15.29,15.30,0.0764,1268,6
S3,951,21.341,14.98,14.99,0.0749,650,4
S3,952,21.355,14.10,14.10,0.0705,1320,3
S3,953,21.370,14.64,14.61,0.0732,464,3
S3,954,21.384,14.28,14.30,0.0714,1268,2
S3,955,21.397,13.34,13.30,0.0667,1268,2
S3,956,21.410,12.48,12.49,0.0624,464,2
S3,957,21.423,13.69,13.69,0.0685,464,2
S3,958,21.437,13.78,13.78,0.0689,1268,2
S3,959,21.450,12.71,12.71,0.0635,1268,2
S3,960,21.463,12.75,12.71,0.0637,1268,1
S3,961,21.476,13.27,13.27,0.0664,1268,1
S3,962,21.489,12.98,13.00,0.0649,1268,1
S3,963,21.502,12.83,12.81,0.0642,464,1
S3,964,21.514,11.97,11.98,0.0599,1268,0
